[
    {"Tipo": "OB","TD": 4,"TC": 2, "TA": 6, "cod": 1,"homologable": true , "nivel": 1, "creditos": 4, "nombre": "Cálculo Diferencial" },
    {"Tipo": "OB","TD": 2,"TC": 2, "TA": 5,"cod": 403,"homologable": true , "nivel": 1, "creditos": 3, "nombre": "Lógica" },
    {"Tipo": "OB","TD": 2,"TC": 4, "TA": 3,"cod": 2,"homologable": true , "nivel": 1, "creditos": 3, "nombre": "Programación Básica" },
    {"Tipo": "OB","TD": 2,"TC": 0, "TA": 1,"cod": 6,"homologable": true , "nivel": 1, "creditos": 1, "nombre": "Seminario de Ingeniería" },
    {"Tipo": "OC","TD": 2,"TC": 0, "TA": 1,"cod": 4,"homologable": true , "nivel": 1, "creditos": 1, "nombre": "Cátedra Francisco José de Caldas" },
    {"Tipo": "OC","TD": 2,"TC": 2, "TA": 2,"cod": 5,"homologable": false, "nivel": 1, "creditos": 2, "nombre": "Producción y Comprensión de Textos" },
    {"Tipo": "OC","TD": 2,"TC": 0, "TA": 1,"cod": 12,"homologable": true , "nivel": 1, "creditos": 1, "nombre": "Cátedra de Democracia y Ciudadanía" },
    {"Tipo": "OC","TD": 2,"TC": 0, "TA": 1,"cod": 40,"homologable": true , "nivel": 1, "creditos": 1, "nombre": "Cátedra de Contexto" },
    {"Tipo": "EE","TD": 4,"TC": 0, "TA": 2,"cod": "-","homologable": true , "nivel": 1, "creditos": 2, "nombre": "Electiva Extrinseca I" },
    {"Tipo": "OB","TD": 4,"TC": 2, "TA": 3,"cod": 7,"homologable": true , "nivel": 2, "creditos": 3, "nombre": "Cálculo Integral" },
    {"Tipo": "OB","TD": 4,"TC": 2, "TA": 3,"cod": 9,"homologable": true , "nivel": 2, "creditos": 3, "nombre": "Álgebra Lineal" },
    {"Tipo": "OB","TD": 2,"TC": 4, "TA": 3,"cod": 10,"homologable": true , "nivel": 2, "creditos": 3, "nombre": "Programación Orientada a Objetos" },
    {"Tipo": "OB","TD": 4,"TC": 2, "TA": 3,"cod": 3,"homologable": true , "nivel": 2, "creditos": 3, "nombre": "Física l: Mecánica Newtoniana" },
    {"Tipo": "EI","TD": 2,"TC": 0, "TA": 1,"cod": 468,"homologable": false, "nivel": 2, "creditos": 1, "nombre": "Introducción a la Teoría de Números" },
    {"Tipo": "OC","TD": 2,"TC": 2, "TA": 2,"cod": 18,"homologable": true , "nivel": 2, "creditos": 2, "nombre": "Ética y Bioética" },
    {"Tipo": "OC","TD": 2,"TC": 2, "TA": 2,"cod": "-","homologable": false, "nivel": 2, "creditos": 2, "nombre": "Segunda Lengua I" },
    {"Tipo": "OC","TD": 1,"TC": 0, "TA": 2,"cod": 404,"homologable": true , "nivel": 2, "creditos": 1, "nombre": "Grupo de Trabajo I" },
    {"Tipo": "OB","TD": 4,"TC": 2, "TA": 3,"cod": 16,"homologable": true , "nivel": 3, "creditos": 3, "nombre": "Cálculo Multivariado" },
    {"Tipo": "OB","TD": 4,"TC": 2, "TA": 3,"cod": 88,"homologable": true , "nivel": 3, "creditos": 3, "nombre": "Ecuaciones Diferenciales" },
    {"Tipo": "OB","TD": 2,"TC": 4, "TA": 3,"cod": 410,"homologable": true , "nivel": 3, "creditos": 3, "nombre": "Programación Avanzada" },
    {"Tipo": "OB","TD": 4,"TC": 2, "TA": 3,"cod": 13,"homologable": true , "nivel": 3, "creditos": 3, "nombre": "Física ll: Electromagnetismo" },
    {"Tipo": "OB","TD": 3,"TC": 1, "TA": 2,"cod": 409,"homologable": true , "nivel": 3, "creditos": 2, "nombre": "Teoría de Sistemas" },
    {"Tipo": "OC","TD": 2,"TC": 2, "TA": 2,"cod": "-","homologable": false, "nivel": 3, "creditos": 2, "nombre": "Segunda Lengua II" },
    {"Tipo": "EE","TD": 4,"TC": 0, "TA": 2,"cod": "-","homologable": true , "nivel": 3, "creditos": 2, "nombre": "Electiva Extrinseca II" },
    {"Tipo": "OB","TD": 4,"TC": 2, "TA": 3,"cod": 415,"homologable": true , "nivel": 4, "creditos": 3, "nombre": "Matemáticas Especiales" },
    {"Tipo": "OB","TD": 2,"TC": 2, "TA": 5,"cod": 418,"homologable": true , "nivel": 4, "creditos": 3, "nombre": "Matemáticas Discretas" },
    {"Tipo": "OB","TD": 2,"TC": 2, "TA": 5,"cod": 416,"homologable": true , "nivel": 4, "creditos": 3, "nombre": "Modelos de Programación I" },
    {"Tipo": "OB","TD": 2,"TC": 0, "TA": 1,"cod": 419,"homologable": false, "nivel": 4, "creditos": 1, "nombre": "Métodos Numéricos" },
    {"Tipo": "OB","TD": 3,"TC": 1, "TA": 2,"cod": 417,"homologable": false, "nivel": 4, "creditos": 2, "nombre": "Análisis de Sistemas" },
    {"Tipo": "OB","TD": 2,"TC": 2, "TA": 2,"cod": 420,"homologable": false, "nivel": 4, "creditos": 2, "nombre": "Fundamentos de Bases de Datos" },
    {"Tipo": "OC","TD": 2,"TC": 2, "TA": 2,"cod": "-","homologable": false, "nivel": 4, "creditos": 2, "nombre": "Segunda Lengua III" },
    {"Tipo": "OC","TD": 2,"TC": 0, "TA": 1,"cod": 43,"homologable": false, "nivel": 4, "creditos": 1, "nombre": "Hombre, Sociedad y Ecología" },
    {"Tipo": "OC","TD": 0,"TC": 2, "TA": 1,"cod": 405,"homologable": false, "nivel": 4, "creditos": 1, "nombre": "Grupo de Trabajo II" },
    {"Tipo": "OB","TD": 3,"TC": 1, "TA": 5,"cod": 425,"homologable": true , "nivel": 5, "creditos": 3, "nombre": "Probabilidad" },
    {"Tipo": "OB","TD": 3,"TC": 2, "TA": 1,"cod": 421,"homologable": true , "nivel": 5, "creditos": 2, "nombre": "Arquitectura de Computadores y Laboratorio" },
    {"Tipo": "OB","TD": 2,"TC": 2, "TA": 5,"cod": 422,"homologable": false, "nivel": 5, "creditos": 3, "nombre": "Modelos de Programación II" },
    {"Tipo": "OB","TD": 4,"TC": 2, "TA": 3,"cod": 20,"homologable": false, "nivel": 5, "creditos": 3, "nombre": "Física III: Ondas y Física Moderna" },
    {"Tipo": "OB","TD": 4,"TC": 2, "TA": 3,"cod": 423,"homologable": true , "nivel": 5, "creditos": 3, "nombre": "Ciencias de la Computación I" },
    {"Tipo": "OB","TD": 4,"TC": 2, "TA": 3,"cod": 424,"homologable": true , "nivel": 5, "creditos": 3, "nombre": "Investigación de Operaciones I" },
    {"Tipo": "EE","TD": 2,"TC": 0, "TA": 1,"cod": "-","homologable": false, "nivel": 5, "creditos": 1, "nombre": "Electiva Extrínseca III" },
    {"Tipo": "OB","TD": 2,"TC": 2, "TA": 5,"cod": 431,"homologable": true , "nivel": 6, "creditos": 3, "nombre": "Estadística" },
    {"Tipo": "OB","TD": 2,"TC": 2, "TA": 2,"cod": 428,"homologable": false, "nivel": 6, "creditos": 2, "nombre": "Redes de Comunicaciones I" },
    {"Tipo": "OB","TD": 2,"TC": 2, "TA": 2,"cod": 427,"homologable": false, "nivel": 6, "creditos": 2, "nombre": "Cibernética I" },
    {"Tipo": "OB","TD": 2,"TC": 2, "TA": 5,"cod": 429,"homologable": true , "nivel": 6, "creditos": 3, "nombre": "Ciencias de la Computación II" },
    {"Tipo": "OB","TD": 4,"TC": 2, "TA": 3,"cod": 430,"homologable": true , "nivel": 6, "creditos": 3, "nombre": "Investigación de Operaciones II" },
    {"Tipo": "OC","TD": 2,"TC": 2, "TA": 2,"cod": 8,"homologable": true , "nivel": 6, "creditos": 2, "nombre": "Historia y Cultura Colombiana" },
    {"Tipo": "OC","TD": 1,"TC": 3, "TA": 5,"cod": 407,"homologable": true , "nivel": 6, "creditos": 3, "nombre": "Grupo de Investigación I" },
    {"Tipo": "OB","TD": 4,"TC": 2, "TA": 3,"cod": 437,"homologable": false, "nivel": 7, "creditos": 3, "nombre": "Fundamentos de Ingeniería de Software" },
    {"Tipo": "OB","TD": 4,"TC": 2, "TA": 3,"cod": 435,"homologable": false, "nivel": 7, "creditos": 3, "nombre": "Redes de Comunicaciones II" },
    {"Tipo": "OB","TD": 2,"TC": 2, "TA": 2,"cod": 434,"homologable": false, "nivel": 7, "creditos": 2, "nombre": "Cibernética II" },
    {"Tipo": "OB","TD": 2,"TC": 2, "TA": 2,"cod": 47,"homologable": true , "nivel": 7, "creditos": 2, "nombre": "Economía" },
    {"Tipo": "OB","TD": 2,"TC": 0, "TA": 1,"cod": 438,"homologable": false, "nivel": 7, "creditos": 1, "nombre": "Fundamentos de Inteligencia Artificial" },
    {"Tipo": "OB","TD": 4,"TC": 1, "TA": 1,"cod": 436,"homologable": false, "nivel": 7, "creditos": 2, "nombre": "Investigación de Operaciones III" },
    {"Tipo": "OB","TD": 3,"TC": 1, "TA": 5,"cod": 467,"homologable": false, "nivel": 7, "creditos": 3, "nombre": "Grupo de Investigación II" },
    {"Tipo": "EI","TD": 2,"TC": 0, "TA": 1,"cod": 469,"homologable": false, "nivel": 7, "creditos": 1, "nombre": "Ciencias de la Computación III" },
    {"Tipo": "OC","TD": 0,"TC": 2, "TA": 1,"cod": 406,"homologable": false, "nivel": 7, "creditos": 1, "nombre": "Grupo de Trabajo III" },
    {"Tipo": "OB","TD": 4,"TC": 2, "TA": 6,"cod": 443,"homologable": false, "nivel": 8, "creditos": 4, "nombre": "Diseño Arquitectural de Software y Patrones" },
    {"Tipo": "OB","TD": 2,"TC": 2, "TA": 2,"cod": 442,"homologable": false, "nivel": 8, "creditos": 2, "nombre": "Redes de Comunicaciones III" },
    {"Tipo": "OB","TD": 2,"TC": 2, "TA": 2,"cod": 441,"homologable": false, "nivel": 8, "creditos": 2, "nombre": "Cibernética III" },
    {"Tipo": "OB","TD": 2,"TC": 2, "TA": 2,"cod": 53,"homologable": true , "nivel": 8, "creditos": 2, "nombre": "Ingeniería Económica" },
    {"Tipo": "EI","TD": 4,"TC": 0, "TA": 5,"cod": 446,"homologable": false, "nivel": 8, "creditos": 3, "nombre": "Planeación de Sistemas de Información" },
    {"Tipo": "EI","TD": 4,"TC": 0, "TA": 5,"cod": "-","homologable": false, "nivel": 8, "creditos": 3, "nombre": "Opción BI" },
    {"Tipo": "EE","TD": 4,"TC": 0, "TA": 2,"cod": "-","homologable": false, "nivel": 8, "creditos": 2, "nombre": "Electiva Extrínseca IV" },
    {"Tipo": "OB","TD": 4,"TC": 0, "TA": 5,"cod": 448,"homologable": false, "nivel": 9, "creditos": 3, "nombre": "Gestión, Calidad, Verificación y Validación de Software" },
    {"Tipo": "OB","TD": 4,"TC": 2, "TA": 3,"cod": 449,"homologable": true , "nivel": 9, "creditos": 3, "nombre": "Sistemas Operativos" },
    {"Tipo": "EI","TD": 4,"TC": 0, "TA": 5,"cod": "-","homologable": false, "nivel": 9, "creditos": 3, "nombre": "Opción AII" },
    {"Tipo": "EI","TD": 4,"TC": 0, "TA": 5,"cod": "-","homologable": false, "nivel": 9, "creditos": 3, "nombre": "Opción BII" },
    {"Tipo": "EI","TD": 4,"TC": 0, "TA": 5,"cod": "-","homologable": false, "nivel": 9, "creditos": 3, "nombre": "Opción CI" },
    {"Tipo": "OB","TD": 0,"TC": 0, "TA": 9,"cod": 16101,"homologable": false, "nivel": 9, "creditos": 3, "nombre": "Trabajo de Grado I" },
    {"Tipo": "OB","TD": 2,"TC": 2, "TA": 2,"cod": 55,"homologable": true , "nivel": 10, "creditos": 2, "nombre": "Formulación, Gestión y Evaluación de Proyectos" },
    {"Tipo": "EI","TD": 4,"TC": 0, "TA": 5,"cod": "-","homologable": false, "nivel": 10, "creditos": 3, "nombre": "Opción AIII" },
    {"Tipo": "EI","TD": 4,"TC": 0, "TA": 5,"cod": "-","homologable": false, "nivel": 10, "creditos": 3, "nombre": "Opción BIII" },
    {"Tipo": "EI","TD": 4,"TC": 0, "TA": 5,"cod": "-","homologable": false, "nivel": 10, "creditos": 3, "nombre": "Opción CII" },
    {"Tipo": "EI","TD": 4,"TC": 0, "TA": 5,"cod": "-","homologable": false, "nivel": 10, "creditos": 3, "nombre": "Opción DI" },
    {"Tipo": "OB","TD": 0,"TC": 0, "TA": 12,"cod": 16102,"homologable": false, "nivel": 10, "creditos": 4, "nombre": "Trabajo de Grado II" }
]